<hiermenu method="2">
	<item name="World">
		<item name="Fixes" action="loadMovie" movie="commonData/1_0.swf"/>
		<item name="Fix Lists" action="loadMovie" movie="commonData/2_0.swf"/>
		<item name="Air Sectors" action="loadMovie" movie="commonData/3_0.swf"/>
		<item name="Ground Sectors" action="loadMovie" movie="commonData/4_0.swf"/>
		<item name="Ground Points" action="loadMovie" movie="commonData/5_0.swf"/>
		<item name="Ground Segments" action="loadMovie" movie="commonData/6_0.swf"/>
		<item name="Default Patterns" action="loadMovie" movie="commonData/7_0.swf"/>
		<item name="Airports">
			<item name="General" action="loadMovie" movie="commonData/8_1.swf"/>
			<item name="Runways" action="loadMovie" movie="commonData/8_2.swf"/>
			<item name="Helipads" action="loadMovie" movie="commonData/8_3.swf"/>
			<item name="PAR Radars" action="loadMovie" movie="commonData/8_4.swf"/>
		</item>
		<item name="Movement Areas" action="loadMovie" movie="commonData/9_0.swf"/>
		<item name="Airborne Routes">
			<item name="Air Routes" action="loadMovie" movie="commonData/10_1.swf"/>
			<item name="Runway Arrival Routes" action="loadMovie" movie="commonData/10_2.swf"/>
	  		<item name="Helipad Arrival Routes" action="loadMovie" movie="commonData/10_3.swf"/>
			<item name="Runway Departure Routes" action="loadMovie" movie="commonData/10_4.swf"/>
	  		<item name="Helipad Departure Routes" action="loadMovie" movie="commonData/10_5.swf"/>
			<item name="Missed Approaches" action="loadMovie" movie="commonData/10_6.swf"/>
			<item name="Pattern Profile Routes" action="loadMovie" movie="commonData/10_7.swf"/>
  		</item>
  		<item name="Ground Routes">
  	  		<item name="Vehicles" action="loadMovie" movie="commonData/11_1.swf"/>
	  		<item name="Aircraft" action="loadMovie" movie="commonData/11_2.swf"/>
  		</item>
		<item name="Weather Systems">
			<item name="General" action="loadMovie" movie="commonData/12_1.swf"/>
			<item name="Localized" action="loadMovie" movie="commonData/12_2.swf"/>
			<item name="Frontal" action="loadMovie" movie="commonData/12_3.swf"/>
			<item name="Upper Winds" action="loadMovie" movie="commonData/12_4.swf"/>
		</item>
	</item>
	<item name="Objects">
		<item name="Aircraft Operators" action="loadMovie" movie="commonData/13_1.swf"/>
		<item name="Aircraft Types" action="loadMovie" movie="commonData/13_2.swf"/>
		<item name="Performance Envelopes" action="loadMovie" movie="commonData/13_3.swf"/>
		<item name="Aircraft Configurations" action="loadMovie" movie="commonData/13_4.swf"/>
		<item name="Callsigns" action="loadMovie" movie="commonData/13_5.swf"/>
		<item name="Flight Profile Templates" action="loadMovie" movie="commonData/13_6.swf"/>
		<item name="Pilot Performances" action="loadMovie" movie="commonData/13_7.swf"/>
		<item name="Ground Vehicle Types" action="loadMovie" movie="commonData/13_8.swf"/>
		<item name="Ground Objects" action="loadMovie" movie="commonData/13_9.swf"/>
	</item>
	<item name="Flight Strips">
		<item name="Flight Strip Formats" action="loadMovie" movie="commonData/14_1.swf"/>
		<item name="Flight Strip Configurations" action="loadMovie" movie="commonData/14_2.swf"/>
		<item name="Position Assignments" action="loadMovie" movie="commonData/14_3.swf"/>
	</item>
	<item name="Radars">
		<item name="Radar Images" action="loadMovie" movie="commonData/15_1.swf"/>
		<item name="Blind Areas" action="loadMovie" movie="commonData/15_3.swf"/>
		<item name="Search Radar Characteristics" action="loadMovie" movie="commonData/15_4.swf"/>
		<item name="Radar Label Configurations" action="loadMovie" movie="commonData/15_5.swf"/>
		<item name="Aircraft Lists Configurations" action="loadMovie" movie="commonData/15_6.swf"/>			
	</item>
	<item name="ATC">
		<item name="Application Profile Assignments" action="loadMovie" movie="commonData/16_1.swf"/>
		<item name="Controller Configurations" action="loadMovie" movie="commonData/16_2.swf"/>
		<item name="METARs" action="loadMovie" movie="commonData/16_3.swf"/>
		<item name="NOTAMs" action="loadMovie" movie="commonData/16_4.swf"/>
		<item name="Supplementary Information" action="loadMovie" movie="commonData/16_5.swf"/>
		<item name="NAVAIDs" action="loadMovie" movie="commonData/16_6.swf"/>
		<item name="Ribbon Display Configuration" action="loadMovie" movie="commonData/16_7.swf"/>
		<item name="Holding Patterns" action="loadMovie" movie="commonData/16_8.swf"/>
		<item name="Separation Rules">
  	  		<item name="Short Term Conflict Alerts" action="loadMovie" movie="commonData/17_1.swf"/>
	  		<item name="Medium Term Conflict Alerts" action="loadMovie" movie="commonData/17_2.swf"/>
  		</item>
		<item name="Radio Frequencies" action="loadMovie" movie="commonData/18_0.swf"/>
		<item name="Comm Configurations">
			<item name="Comm Configurations" action="loadMovie" movie="commonData/19_0.swf"/>
			<item name="Jamming Presets" action="loadMovie" movie="commonData/19_1.swf"/>
            <item name="Alarms" action="loadMovie" movie="commonData/19_2.swf"/>
			<item name="Crash Phones" action="loadMovie" movie="commonData/19_3.swf"/>
            <item name="Positions" action="loadMovie" movie="commonData/19_4.swf"/>
		</item>
	</item>
</hiermenu>