<hiermenu method="2">
	<item name="Scenarios">            
		<item name="Scenarios" action="loadMovie" movie="scenarios/1_0.swf"/>
		<item name="General Parameters" action="loadMovie" movie="scenarios/2_0.swf"/>
		<item name="Active Runways" action="loadMovie" movie="scenarios/3_0.swf"/>
		<item name="Target Plans">
			<item name="General" action="loadMovie" movie="scenarios/4_0.swf"/>
			<item name="Comms" action="loadMovie" movie="scenarios/4_1.swf"/>
			<item name="Equipment" action="loadMovie" movie="scenarios/4_2.swf"/>
			<item name="Auto Ground" action="loadMovie" movie="scenarios/4_3.swf"/>
			<item name="Formation" action="loadMovie" movie="scenarios/4_4.swf"/>
			<item name="Extras" action="loadMovie" movie="scenarios/4_5.swf"/>
		</item>
		<item name="Ground Vehicles" action="loadMovie" movie="scenarios/5_0.swf"/>
		<item name="Radars" action="loadMovie" movie="scenarios/6_0.swf"/>
		<item name="Ground Objects" action="loadMovie" movie="scenarios/7_0.swf"/>
		<item name="Separation Rules">
  	  		<item name="Short Term Conflict Alerts" action="loadMovie" movie="scenarios/8_1.swf"/>
	  		<item name="Medium Term Conflict Alerts" action="loadMovie" movie="scenarios/8_2.swf"/>
  		</item>
		<item name="Events" action="loadMovie" movie="scenarios/9_0.swf"/>
		<item name="Pilot Prompts" action="loadMovie" movie="scenarios/10_0.swf"/>
	</item>
	<item name="Scenario Generation" action="loadMovie" movie="scenarios/11_0.swf"/>
</hiermenu>